MAE,RMSE,R2_Score,MAPE,Train_Size,Test_Size,Total_Records,Total_Features
16765.392578125,47274.69614920862,0.9900954961776733,4.763782710490025,1917,480,2397,41
