MAE,RMSE,R2_Score,MAPE,Train_Size,Test_Size,Total_Records,Total_Features
16115.47265625,49096.48166620496,0.9893174171447754,4.535154639417812,1917,480,2397,41
